id,organ_id,"name","description","created_at","updated_at","deleted_at"
1,NULL,"АБ","антибиотици; антибиограма",NULL,NULL,NULL
2,NULL,"АБ"," лечение антибиотично лечение",NULL,NULL,NULL
3,NULL,"АВСД"," атриовентрикуларен септален дефект",NULL,NULL,NULL
4,NULL,"АВФ"," антеверзио-флексио (матка)",NULL,NULL,NULL
5,NULL,"АГППМП"," амбулаторна групова практика за първична медицинска помощ",NULL,NULL,NULL
6,NULL,"АИЕПБП"," аорто-, илио- и екстраанатомични профундни байпаси",NULL,NULL,NULL
7,NULL,"АИЕС"," артерия илиака екстерна синистра",NULL,NULL,NULL
8,NULL,"АИПИПМП"," амбулатория за индивидуална практика за извънболнична първична медицинска помощ",NULL,NULL,NULL
9,NULL,"АИППМП"," амбулатория за индивидуална практика за първична медицинска помощ",NULL,NULL,NULL
10,NULL,"АК ","анална клапа; аортна клапа",NULL,NULL,NULL
11,NULL,"АКБ ","аорто-коронарен байпас",NULL,NULL,NULL
12,NULL,"АБКМ ","алергия към белтъка на кравето мляко",NULL,NULL,NULL
13,NULL,"АКК ","аневризмална костна киста",NULL,NULL,NULL
14,NULL,"АКЛА ","антикардиолипинови антитела",NULL,NULL,NULL
15,NULL,"АКР ","алкално-киселинно равновесие",NULL,NULL,NULL
16,NULL,"АКТХ ","аденокортикотропен хормон",NULL,NULL,NULL
17,NULL,"АЛ ","амбулаторен лист",NULL,NULL,NULL
18,NULL,"АЛАТ"," (ALT) аланин аминотрансфераза",NULL,NULL,NULL
19,NULL,"АЛТ"," аргон-лазерна трабекулопластика",NULL,NULL,NULL
20,NULL,"АН"," анорексия невроза; артериално налягане",NULL,NULL,NULL
21,NULL,"АНФ"," антинуклеарен фактор",NULL,NULL,NULL
22,NULL,"АоИ"," аортна инсуфициенция",NULL,NULL,NULL
23,NULL,"АоР"," аортна регургитация",NULL,NULL,NULL
24,NULL,"АП"," акционни потенциали (електрически импулси); предно-задна проекция (АР) - идва от антерио-постериорна и затова е АП; ангина пекторис; артерия поплитеа",NULL,NULL,NULL
25,NULL,"АПИМП"," амбулатория за първична извънболнична медицинска помощ",NULL,NULL,NULL
26,NULL,"АПК"," аденоматозно-полипозен коли ген",NULL,NULL,NULL
27,NULL,"АПМПИП"," амбулатория за първична медицинска помощ - индивидуална практика",NULL,NULL,NULL
28,NULL,"АПТТ"," активирано парциално тромбопластиново време",NULL,NULL,NULL
29,NULL,"АПФ"," артерия профунда феморис",NULL,NULL,NULL
30,NULL,"АРИЛ"," анестезиология, реанимация и интензивно лечение",NULL,NULL,NULL
31,NULL,"АС"," анкилозиращ спондилит (болест на Бехтерев)",NULL,NULL,NULL
32,NULL,"АСАТ"," (AST) аспартат аминотрансфераза",NULL,NULL,NULL
33,NULL,"АСРМТ"," асиметрично разпределение на мускулния тонус",NULL,NULL,NULL
34,NULL,"АТС"," амфетаминов тип стимуланти",NULL,NULL,NULL
35,NULL,"АФ"," (AP) алкална фосфатаза; артерия феморалис",NULL,NULL,NULL
36,NULL,"АФК"," артерия феморалис комунис",NULL,NULL,NULL
37,NULL,"АФЛА"," антифосфолипидни антитела",NULL,NULL,NULL
38,NULL,"АФЛС"," антифосфолипиден синдром",NULL,NULL,NULL
39,NULL,"АФС"," артерия феморалис суперфициалис",NULL,NULL,NULL
40,NULL,"АХ"," артериална хипертония",NULL,NULL,NULL
41,NULL,"БА"," болест на Алцхаймер; белодробна артерия",NULL,NULL,NULL
42,NULL,"БАЛ"," бронхо-алвеоларен лаваж",NULL,NULL,NULL
43,NULL,"БАР"," биполярно афективно разстройство",NULL,NULL,NULL
44,NULL,"БАХ"," белодробна артериална хипертония",NULL,NULL,NULL
45,NULL,"БД"," бензодиазепини",NULL,NULL,NULL
46,NULL,"БДСМА"," басейн на дясна средна мозъчна артерия",NULL,NULL,NULL
47,NULL,"БЕА"," биоелектрична активност",NULL,NULL,NULL
48,NULL,"БЕД"," биологичноеквивалентна доза",NULL,NULL,NULL
49,NULL,"БК"," белодробен карцином",NULL,NULL,NULL
50,NULL,"БКБ"," бъбречно-каменна болест",NULL,NULL,NULL
51,NULL,"БКК"," базалноклетъчен карцином",NULL,NULL,NULL
52,NULL,"БКОК"," бледоклетъчен одонтогенен карцином",NULL,NULL,NULL
53,NULL,"БКОТ"," бледоклетъчен одонтогенен тумор",NULL,NULL,NULL
54,NULL,"БЛ"," бронхиален лаваж",NULL,NULL,NULL
55,NULL,"БЛПМА"," басейн на лява предна мозъчна артерия",NULL,NULL,NULL
56,NULL,"БЛСМА"," басейн на лява средна мозъчна артерия",NULL,NULL,NULL
57,NULL,"БН"," булимия невроза; бъбречна недостатъчност",NULL,NULL,NULL
58,NULL,"б.о."," без особености; без отклонения",NULL,NULL,NULL
59,NULL,"БОС"," бронхо-обструктивен синдром",NULL,NULL,NULL
60,NULL,"БПМА"," басейн на лява предна мозъчна артерия",NULL,NULL,NULL
61,NULL,"БРП"," без реполаризационни промени",NULL,NULL,NULL
62,NULL,"БТЕ"," белодробен тромбоемболизъм",NULL,NULL,NULL
63,NULL,"БУМ"," бъбрек - уретер - мехур",NULL,NULL,NULL
64,NULL,"БХ"," биохимия",NULL,NULL,NULL
65,NULL,"ВА"," вертебрална/и артерия/и",NULL,NULL,NULL
66,NULL,"ВАА"," вентрикуло-атриална анастомоза",NULL,NULL,NULL
67,NULL,"ВАТС"," видео-асистирана торакоскопия",NULL,NULL,NULL
68,NULL,"ВБС"," вертебробазиларна система",NULL,NULL,NULL
69,NULL,"ВВН"," водно-въздушни нива",NULL,NULL,NULL
70,NULL,"ВГ"," вторична генерализация",NULL,NULL,NULL
71,NULL,"ВГТКП"," вторично генерализиран тонично-клоничен припадък",NULL,NULL,NULL
72,NULL,"ВД"," везикуларно дишане",NULL,NULL,NULL
73,NULL,"ВЕП"," визуални евокирани потенциали",NULL,NULL,NULL
74,NULL,"ВЕТ"," велоергометричен тест",NULL,NULL,NULL
75,NULL,"ВИП"," вазоактивен интестинален пептид",NULL,NULL,NULL
76,NULL,"ВК"," витален капацитет",NULL,NULL,NULL
77,NULL,"ВКС"," видеоколоноскопия",NULL,NULL,NULL
78,NULL,"ВКФ"," висши корови функции (гл. мозък)",NULL,NULL,NULL
79,NULL,"ВНС"," вегетативна нервна система",NULL,NULL,NULL
80,NULL,"ВЛ"," външна лигавица",NULL,NULL,NULL
81,NULL,"ВН"," вентилаторна недостатъчност; венозна недостатъчност",NULL,NULL,NULL
82,NULL,"ВНХ"," вродена надбъбречна хиперплазия (скрининг на новородени)",NULL,NULL,NULL
83,NULL,"ВО"," вътрешно отделение",NULL,NULL,NULL
84,NULL,"ВОД"," визус окули декстри (зрителна острота на дясно око) [VOD - visus oculi     dextri]",NULL,NULL,NULL
85,NULL,"ВОН"," вътреочно налягане",NULL,NULL,NULL
86,NULL,"ВОС"," визус окули синистри (зрителна острота на ляво око) [VOS - visus oculi      sinistri]",NULL,NULL,NULL
87,NULL,"ВПА"," вентрикуло-перитонеална анастомоза",NULL,NULL,NULL
88,NULL,"ВПО"," вътрешни полови органи",NULL,NULL,NULL
89,NULL,"ВППО"," външни полово-пикочни органи",NULL,NULL,NULL
90,NULL,"ВПР"," възприятно-представни разстройства",NULL,NULL,NULL
91,NULL,"ВПР"," вроден порок в развитието",NULL,NULL,NULL
92,NULL,"ВРВ"," варикозно разширение на вените",NULL,NULL,NULL
93,NULL,"Вр."," к-не време на кървене",NULL,NULL,NULL
94,NULL,"Вр."," с-не време на съсирване",NULL,NULL,NULL
95,NULL,"ВРСФ"," време за разкъсване на слъзния филм",NULL,NULL,NULL
96,NULL,"ВСМ"," вродена сърдечна малоформация",NULL,NULL,NULL
97,NULL,"ВСР"," водно-солев разтвор",NULL,NULL,NULL
98,NULL,"ВСУ"," вид и степен на увреждане",NULL,NULL,NULL
99,NULL,"ВТР"," вероятен термин на раждане",NULL,NULL,NULL
100,NULL,"ВХ"," вроден хипотиреоидизъм",NULL,NULL,NULL
101,NULL,"ВХЕ"," вретеновидноклетъчен хемангиоепителиом",NULL,NULL,NULL
102,NULL,"ГАД"," глутамат декарбоксилаза",NULL,NULL,NULL
103,NULL,"ГАМК"," гама-аминомаслена киселина",NULL,NULL,NULL
104,NULL,"ГВК"," горен вътрешен/външен квадрант",NULL,NULL,NULL
105,NULL,"ГГТП"," (GGT) Гама-глутамил-транспептидаза",NULL,NULL,NULL
106,NULL,"ГДП"," горни дихателни пътища",NULL,NULL,NULL
107,NULL,"ГДС"," горен диспептичен синдром",NULL,NULL,NULL
108,NULL,"ГЕ"," гастроентерология",NULL,NULL,NULL
109,NULL,"ГЕРБ"," гастроезофагиална рефлуксна болест",NULL,NULL,NULL
110,NULL,"ГЗН"," глиом на зрителния нерв",NULL,NULL,NULL
111,NULL,"ГИТ"," гастроинтестинален тракт",NULL,NULL,NULL
112,NULL,"ГК"," горни крайници; глюкокортикоиди",NULL,NULL,NULL
113,NULL,"ГККТ"," гигантоклетъчен костен тумор",NULL,NULL,NULL
114,NULL,"ГКС"," Глазгоу кома скала (Glasgow coma scale)",NULL,NULL,NULL
115,NULL,"ГМФ"," груби моторни функции",NULL,NULL,NULL
116,NULL,"ГОНФ"," Грам-отрицателни неферментативни микроорганизми",NULL,NULL,NULL
117,NULL,"ГПКК"," гинекологичен приемно-консултативен кабинет",NULL,NULL,NULL
118,NULL,"ГППМП"," групова практика за първична медицинска помощ ",NULL,NULL,NULL
119,NULL,"ГС"," гърлен секрет",NULL,NULL,NULL
120,NULL,"ГСР"," глюкозо-солен разтвор",NULL,NULL,NULL
121,NULL,"ГТКП"," генерализирани тонично-клонични пристъпи",NULL,NULL,NULL
122,NULL,"ГТР"," генерализирано тревожно разстройство",NULL,NULL,NULL
123,NULL,"ГТТ"," глюкозотолерантен тест",NULL,NULL,NULL
124,NULL,"ГФ"," голяма фонтанела",NULL,NULL,NULL
125,NULL,"ДБ"," десен бъбрек",NULL,NULL,NULL
126,NULL,"ДБ"," директен билирубин",NULL,NULL,NULL
127,NULL,"ДББ"," десен бедрен блок",NULL,NULL,NULL
128,NULL,"ДБКТ"," дентиногенен бледоклетъчен тумор",NULL,NULL,NULL
129,NULL,"ДВСА"," дясна вътрешна сънна артерия",NULL,NULL,NULL
130,NULL,"Дг"," диагноза",NULL,NULL,NULL
131,NULL,"ДД"," диференциална диагноза; двигателна дейност",NULL,NULL,NULL
132,NULL,"ДЕ"," двигателна единица; дорсална екстензия",NULL,NULL,NULL
133,NULL,"ДЕП"," дисциркулаторна енцефалопатия",NULL,NULL,NULL
134,NULL,"ДГМХ"," доминантна главномозъчна хемисфера",NULL,NULL,NULL
135,NULL,"ДГР"," дуодено-гастрален рефлукс",NULL,NULL,NULL
136,NULL,"ДЗН"," диск на зрителния нерв",NULL,NULL,NULL
137,NULL,"ДИ"," дата на инвалидизиране; диагноза за инвалидност",NULL,NULL,NULL
138,NULL,"ДИИ"," диагностични инвазивни изследвания",NULL,NULL,NULL
139,NULL,"ДИК"," (синдром) дисеминирана интраваскуларна коагулопатия; дисеминирана интравазална коагулация",NULL,NULL,NULL
140,NULL,"ДИСЛ"," декларация за информирано съгласие за лечение",NULL,NULL,NULL
141,NULL,"ДИФ"," дистални интерфалангеални стави; директна имунофлуоресценция",NULL,NULL,NULL
142,NULL,"ДК"," дясна камера; деснокамерен; детска клиника; долни крайници",NULL,NULL,NULL
143,NULL,"ДКА"," дясна коронарна артерия",NULL,NULL,NULL
144,NULL,"ДКД"," дяснокамерна дилатация",NULL,NULL,NULL
145,NULL,"ДКК"," диференциална кръвна картина",NULL,NULL,NULL
146,NULL,"ДКМЛ"," дясна медио-клавикуларна линия",NULL,NULL,NULL
147,NULL,"ДКМП"," дилатативна кардиомиопатия",NULL,NULL,NULL
148,NULL,"ДКС"," деснокамерна стимулация",NULL,NULL,NULL
149,NULL,"ДКХ"," деснокамерна хипертрофия",NULL,NULL,NULL
150,NULL,"ДКЦ"," диагностично-консултативен център",NULL,NULL,NULL
151,NULL,"ДЛП"," добра лабораторна практика (система от международно признати правила)",NULL,NULL,NULL
152,NULL,"ДМЖ"," дисфункция на мейбомиевите жлези; дясна млечна жлеза",NULL,NULL,NULL
153,NULL,"ДН"," дихателна недостатъчност; диабетна невропатия; диабетна нефропатия",NULL,NULL,NULL
154,NULL,"ДНК"," детска неврологична клиника; дезоксинуклеинова киселина",NULL,NULL,NULL
155,NULL,"ДО"," дихателен обем",NULL,NULL,NULL
156,NULL,"ДОД"," дневна огнищна доза",NULL,NULL,NULL
157,NULL,"ДОЗ"," диспансер за онкологични заболявания",NULL,NULL,NULL
158,NULL,"ДП"," дясно предсърдие",NULL,NULL,NULL
159,NULL,"ДПБ"," държавна психиатрична болница ",NULL,NULL,NULL
160,NULL,"ДПВ ","долна празна вена",NULL,NULL,NULL
161,NULL,"ДПО ","дясно предсърдно обременяване",NULL,NULL,NULL
162,NULL,"ДПНП"," диабетна полиневропатия",NULL,NULL,NULL
163,NULL,"ДПХ"," доброкачествена простатна хиперплазия",NULL,NULL,NULL
164,NULL,"ДР"," диабетна ретинопатия",NULL,NULL,NULL
165,NULL,"ДРП ","диабетна ретинопатия",NULL,NULL,NULL
166,NULL,"ДРЛК"," диастолен размер на лява камера",NULL,NULL,NULL
167,NULL,"ДС"," дихателна система; доплерова спектроскопия",NULL,NULL,NULL
168,NULL,"ДСМА"," дясна средномозъчна артерия ",NULL,NULL,NULL
169,NULL,"ДСГ"," на ВА доплеросонография на вертебробазиларни артерии",NULL,NULL,NULL
170,NULL,"ДСП"," дифузни структурни промени",NULL,NULL,NULL
171,NULL,"ДТ"," дезмоидни тумори",NULL,NULL,NULL
172,NULL,"ДТЛ"," деменция с телца на Леви",NULL,NULL,NULL
173,NULL,"ДФ"," дезмоидна фиброматоза ",NULL,NULL,NULL
174,NULL,"ДХО"," детско хирургическо отделение",NULL,NULL,NULL
175,NULL,"ДЦП"," детска церебрална парализа ",NULL,NULL,NULL
176,NULL,"ДЧ"," дихателна честота",NULL,NULL,NULL
177,NULL,"ЕГ"," еозинофилен гранулом",NULL,NULL,NULL
178,NULL,"ЕКВ"," електрокардиоверзио",NULL,NULL,NULL
179,NULL,"ЕКГ"," електрокардиограма",NULL,NULL,NULL
180,NULL,"ЕКК"," електрокорпорално кръвообращение",NULL,NULL,NULL
181,NULL,"ЕКЛ"," екстракорпорална литотрипсия",NULL,NULL,NULL
182,NULL,"ЕКЛТ"," екстракорпорална литотрипсия",NULL,NULL,NULL
183,NULL,"ЕКТ"," електроконвулсивна терапия",NULL,NULL,NULL
184,NULL,"ЕМ"," елективен мутизъм",NULL,NULL,NULL
185,NULL,"ЕМГ"," електромиография",NULL,NULL,NULL
186,NULL,"ЕМД"," електро-механична дисоциация",NULL,NULL,NULL
187,NULL,"ЕМПТНО"," епителоиден малигнен периферен тумор на нервната обвивка",NULL,NULL,NULL
188,NULL,"ЕНА"," екстрактируеми нуклеарни антигени",NULL,NULL,NULL
189,NULL,"ЕОГ"," електроокулограма",NULL,NULL,NULL
190,NULL,"ЕОД"," електроортодонтска диагностика (виталитет скенер)",NULL,NULL,NULL
191,NULL,"ЕОС"," електрическа ос на сърцето",NULL,NULL,NULL
192,NULL,"ЕП"," eвокирани потенциали",NULL,NULL,NULL
193,NULL,"ЕС"," еутиреоидна струма",NULL,NULL,NULL
194,NULL,"ЕТ"," eндотелин",NULL,NULL,NULL
195,NULL,"ЕТА"," ендотрахеална анестезия",NULL,NULL,NULL
196,NULL,"ЕФ"," фракция на изтласкване (ejection fraction)",NULL,NULL,NULL
197,NULL,"ЕХ"," епителен хемангиоепителиом; есенциална хипертония ",NULL,NULL,NULL
198,NULL,"ЕХЖП"," екстрахепатални жлъчни пътища",NULL,NULL,NULL
199,NULL,"ЕЦО"," екстрацелуларен обем ",NULL,NULL,NULL
200,NULL,"ЖВП"," жизнено важни параметри/показатели",NULL,NULL,NULL
201,NULL,"ЖСК"," желязо-свързващ капацитет",NULL,NULL,NULL
202,NULL,"ЗД"," захарен диабет",NULL,NULL,NULL
203,NULL,"ЗЕП"," зрителни евокирани потенциали",NULL,NULL,NULL
204,NULL,"ЗИХУ"," Закон за интеграция на хората с увреждания ",NULL,NULL,NULL
205,NULL,"ЗМП"," задно митрално платно",NULL,NULL,NULL
206,NULL,"ЗО"," затворени очи",NULL,NULL,NULL
207,NULL,"ЗОС"," заден очен сегмент",NULL,NULL,NULL
208,NULL,"ЗПФ"," запазена помпена функция",NULL,NULL,NULL
209,NULL,"ЗПХГП"," застойна портална хипертензивна гастропатия",NULL,NULL,NULL
210,NULL,"ЗСЛК"," задна стена на лява камера",NULL,NULL,NULL
211,NULL,"ЗСН"," застойна сърдечна недостатъчност",NULL,NULL,NULL
212,NULL,"ЗСП"," забавяне на сърдечния пулс",NULL,NULL,NULL
213,NULL,"ЗТГ"," закрита травма на главата",NULL,NULL,NULL
214,NULL,"ЗХБС"," заболявания на хепатобилиарната система ",NULL,NULL,NULL
215,NULL,"ЗХХГ"," зрително хиазмено-хипоталамични глиоми",NULL,NULL,NULL
216,NULL,"ЗЧМТ"," закрита черепно-мозъчна травма",NULL,NULL,NULL
217,NULL,"ЗЧЯ"," задна черепна ямка",NULL,NULL,NULL
218,NULL,"ИБВ"," изкуствена белодробна вентилация",NULL,NULL,NULL
219,NULL,"ИБС"," исхемична болест на сърцето",NULL,NULL,NULL
220,NULL,"и.в."," интравенозно",NULL,NULL,NULL
221,NULL,"ИВН"," интравенозна пиелограма",NULL,NULL,NULL
222,NULL,"ИгГ"," имуноглобулини Г",NULL,NULL,NULL
223,NULL,"ИГДП"," инфекция(и) на горните дихателни пътища",NULL,NULL,NULL
224,NULL,"ИгМ"," имуноглобулини М",NULL,NULL,NULL
225,NULL,"ИД"," иктална депресия",NULL,NULL,NULL
226,NULL,"ИДР"," интериктално дисфорично разстройство",NULL,NULL,NULL
227,NULL,"ИЕ"," инфекциозен ендокардит",NULL,NULL,NULL
228,NULL,"ИЗ"," история на заболяването",NULL,NULL,NULL
229,NULL,"ИЗЗД"," инсулинозависим захарен диабет",NULL,NULL,NULL
230,NULL,"ИЗТ"," инсулинозависима терапия; инсулинозависим тип (за захарен диабет)",NULL,NULL,NULL
231,NULL,"ИИР"," интензифициран инсулинов режим",NULL,NULL,NULL
232,NULL,"ИИСАНДК"," исхемична идиопатия на систолно артериално налягане в дясна камера",NULL,NULL,NULL
233,NULL,"ИКМП"," исхемична кардиомиопатия",NULL,NULL,NULL
234,NULL,"ИКС"," интензивен кардиологичен сектор",NULL,NULL,NULL
235,NULL,"ИЛ"," интерлевкин",NULL,NULL,NULL
236,NULL,"ИМ"," исхемия на миокарда",NULL,NULL,NULL
237,NULL,"ИМИ"," исхемичен мозъчен инсулт",NULL,NULL,NULL
238,NULL,"ИМЛЛ"," интензивно модулирано лъчелечение",NULL,NULL,NULL
239,NULL,"ИМП"," импулсно магнитно поле",NULL,NULL,NULL
240,NULL,"ИНЗТ"," инсулинонезависим тип",NULL,NULL,NULL
241,NULL,"ИНР"," (от INR - International Normalized Ratio)",NULL,NULL,NULL
242,NULL,"ИОЛ"," интраокуларна леща, изкуствена вътреочна леща",NULL,NULL,NULL
243,NULL,"ИОФМ"," интраоперативна флоуметрия",NULL,NULL,NULL
244,NULL,"ИОХ"," интраоперативна холангиография",NULL,NULL,NULL
245,NULL,"ИПДК"," изходен път на дясната камера",NULL,NULL,NULL
246,NULL,"ИПЛК"," изходен път на лявата камера",NULL,NULL,NULL
247,NULL,"ИПП"," инфекция на пикочните пътища, инхибитори на протонната помпа",NULL,NULL,NULL
248,NULL,"ИППМП"," индивидуална практика за първична медицинска помощ",NULL,NULL,NULL
249,NULL,"ИР"," инсулинова резистентност",NULL,NULL,NULL
250,NULL,"ИТМ"," индекс на телесна маса",NULL,NULL,NULL
251,NULL,"ИФН"," интерферон",NULL,NULL,NULL
252,NULL,"ИХЖП"," интрахепатални жлъчни пътища",NULL,NULL,NULL
253,NULL,"ИХХ"," имунохистохимично изследване",NULL,NULL,NULL
254,NULL,"КА"," каротидна артерия",NULL,NULL,NULL
255,NULL,"КАМ"," киселинно-алкален метаболизъм",NULL,NULL,NULL
256,NULL,"КАП"," кожно-алергични проби",NULL,NULL,NULL
257,NULL,"КАРИЛ"," клиника за анестезия, реанимация и интензивно лечение",NULL,NULL,NULL
258,NULL,"КАС"," киселинно-алкално състояние ",NULL,NULL,NULL
259,NULL,"КАТ"," компютърна аксиална томография",NULL,NULL,NULL
260,NULL,"КБД"," кортикобазална дегенерация",NULL,NULL,NULL
261,NULL,"КБС"," коронарна болест на сърцето",NULL,NULL,NULL
262,NULL,"КВМН"," кандидат на ветеринарно-медицинските науки",NULL,NULL,NULL
263,NULL,"КВБСН"," каротидно-вертебрална и базална съдова недостатъчност",NULL,NULL,NULL
264,NULL,"КГ"," кръвни газове",NULL,NULL,NULL
265,NULL,"КГХ"," коремно-гръдна хирургия, клиника за гръбначна хирургия",NULL,NULL,NULL
266,NULL,"КДС"," комплексен диабетен синдром; костодиафрагмални синуси; късен дегенеративен синдром",NULL,NULL,NULL
267,NULL,"КГХ"," коремно-гръдна хирургия",NULL,NULL,NULL
268,NULL,"КГА"," кръвно-газов анализ ",NULL,NULL,NULL
269,NULL,"КДС"," костодиафрагмален синус; късен дегенеративен синдром; клон на дихателната система (белите дробове) ",NULL,NULL,NULL
270,NULL,"КДТ"," конвенционални диагностични техники",NULL,NULL,NULL
271,NULL,"КЕ"," камерна екстрасистолия",NULL,NULL,NULL
272,NULL,"КЕОТ"," калцифициращ епителен одонтогенен тумор",NULL,NULL,NULL
273,NULL,"КЗ"," кръвна захар",NULL,NULL,NULL
274,NULL,"КЗП"," кръвно-захарен профил",NULL,NULL,NULL
275,NULL,"КИК"," критична исхемия на крайника ",NULL,NULL,NULL
276,NULL,"КК"," креатинин киназа",NULL,NULL,NULL
277,NULL,"ККК"," контролна кръвна картина",NULL,NULL,NULL
278,NULL,"ККОТ"," калцифициращ кистичен одонтогенен тумор",NULL,NULL,NULL
279,NULL,"КМ"," контрастна материя",NULL,NULL,NULL
280,NULL,"КМО"," клиничен мишенен обем",NULL,NULL,NULL
281,NULL,"КМП"," кардиомиопатия",NULL,NULL,NULL
282,NULL,"КМС"," костно-мускулна система",NULL,NULL,NULL
283,NULL,"Ко."," Ао. коарктация на аортата",NULL,NULL,NULL
284,NULL,"КОК"," калцифицираща одонтогенна киста",NULL,NULL,NULL
285,NULL,"Кор"," сърце, сърдечно-съдова система",NULL,NULL,NULL
286,NULL,"КОЦ"," комплексен онкологичен център ",NULL,NULL,NULL
287,NULL,"КП"," клинична пътека",NULL,NULL,NULL
288,NULL,"КПЗ"," клиника по професионални заболявания",NULL,NULL,NULL
289,NULL,"КРО"," кардио-ревматологично отделение",NULL,NULL,NULL
290,NULL,"КС"," лечение - лечение с кортикостероиди",NULL,NULL,NULL
291,NULL,"КУЕ"," - Контрастно усилена ехография",NULL,NULL,NULL
292,NULL,"КФ"," краниофарингеом",NULL,NULL,NULL
293,NULL,"КФК"," креатинфосфокиназа ",NULL,NULL,NULL
294,NULL,"КПО"," консултативно-приемно отделение",NULL,NULL,NULL
295,NULL,"КПП"," колянно-петна проба; комплексни парциални припадъци",NULL,NULL,NULL
296,NULL,"КПР"," кардиопулмонарна ресусцитация",NULL,NULL,NULL
297,NULL,"КС"," клиничен стадий",NULL,NULL,NULL
298,NULL,"КСГМФ"," класификационна система за груби моторни функции",NULL,NULL,NULL
299,NULL,"КСДС"," късен съдово-дегенеративен синдром",NULL,NULL,NULL
300,NULL,"КСК"," клинична система за качество",NULL,NULL,NULL
301,NULL,"КСП"," колянно-стъпална проба",NULL,NULL,NULL
302,NULL,"КТ"," компютърна томография",NULL,NULL,NULL
303,NULL,"КТИ"," кардиоторакален индекс",NULL,NULL,NULL
304,NULL,"КХД"," концентрати за хемодиализа",NULL,NULL,NULL
305,NULL,"КЦОДН"," клиничен център по остра дихателна недостатъчност",NULL,NULL,NULL
306,NULL,"ЛА"," лупусен антикоагулант",NULL,NULL,NULL
307,NULL,"ЛБ"," ляв бъбрек",NULL,NULL,NULL
308,NULL,"ЛВ"," лимфни възли",NULL,NULL,NULL
309,NULL,"ЛВСА"," лява вътрешна сънна артерия",NULL,NULL,NULL
310,NULL,"ЛК"," левокамерен; локален контрол ",NULL,NULL,NULL
311,NULL,"ЛКА"," лява коронарна артерия",NULL,NULL,NULL
312,NULL,"ЛКД"," левокамерна дилатация",NULL,NULL,NULL
313,NULL,"ЛКК"," лекарска консултативна комисия",NULL,NULL,NULL
314,NULL,"ЛКТДО"," левокамерен теледиастолен обем",NULL,NULL,NULL
315,NULL,"ЛКТДР"," левокамерен теледиастолен размер",NULL,NULL,NULL
316,NULL,"ЛКТСО"," левокамерен телесистолен обем",NULL,NULL,NULL
317,NULL,"ЛКТСР"," левокамерен телесистолен размер",NULL,NULL,NULL
318,NULL,"ЛКХ"," левокамерна хипертрофия",NULL,NULL,NULL
319,NULL,"ЛЛ"," лъчелечение",NULL,NULL,NULL
320,NULL,"ЛМЖ"," лява млечна жлеза",NULL,NULL,NULL
321,NULL,"ЛОР"," лечебно-охранителен режим",NULL,NULL,NULL
322,NULL,"ЛП"," ляво предсърдие",NULL,NULL,NULL
323,NULL,"ЛПА"," лумбо-перитонеална анастомоза",NULL,NULL,NULL
324,NULL,"ЛПЕ"," линейно предаване на енергията",NULL,NULL,NULL
325,NULL,"ЛПЗ"," липополизахарид",NULL,NULL,NULL
326,NULL,"ЛПХБ"," ляв бедрен хемиблок",NULL,NULL,NULL
327,NULL,"ЛР"," личностно разстройство; локални рецидиви",NULL,NULL,NULL
328,NULL,"ЛРТК"," локорегионален туморен контрол",NULL,NULL,NULL
329,NULL,"ЛСКА"," лява стволова коронарна артерия",NULL,NULL,NULL
330,NULL,"ЛТ"," лъчетерапия",NULL,NULL,NULL
331,NULL,"ЛТЕ"," латерална темпорална епилепсия",NULL,NULL,NULL
332,NULL,"ЛТК"," локален туморен контрол",NULL,NULL,NULL
333,NULL,"ЛУО"," ляв отвор на уретера",NULL,NULL,NULL
334,NULL,"ЛФК"," лечебна физкултура",NULL,NULL,NULL
335,NULL,"ЛХ"," Лангерхансова хистиоцитоза",NULL,NULL,NULL
336,NULL,"ЛХЕ"," латентна хепатална енцефалопатия",NULL,NULL,NULL
337,NULL,"ЛХТ"," лъчехимиотерапия ",NULL,NULL,NULL
338,NULL,"МАГ"," магистрални артерии на главата; миелин асоцииран гликопротеин",NULL,NULL,NULL
339,NULL,"МАК"," мембрано-атакуващ комплекс",NULL,NULL,NULL
340,NULL,"МАЛТ"," мукоза-асоциирана лимфоидна тъкан",NULL,NULL,NULL
341,NULL,"МАОИ"," инхибитори на моноаминооксидаза",NULL,NULL,NULL
342,NULL,"МАУ"," микроалбуминурия",NULL,NULL,NULL
343,NULL,"МБАЛ"," многопрофилна болница за активно лечение",NULL,NULL,NULL
344,NULL,"МБП"," миелин базичен протеин",NULL,NULL,NULL
345,NULL,"МГКЛ"," множествени гигантоклетъчни лезии",NULL,NULL,NULL
346,NULL,"МДД ","медико-диагностична дейност ",NULL,NULL,NULL
347,NULL,"МЕД"," медицинско експертно досие",NULL,NULL,NULL
348,NULL,"МЖ"," млечна/и жлеза/и",NULL,NULL,NULL
349,NULL,"МЗ"," минали заболявания; морфологична зрелост",NULL,NULL,NULL
350,NULL,"МИ"," митрална инсуфиенция; миокарден инфаркт",NULL,NULL,NULL
351,NULL,"МИС ","медикамент излъчващ стент",NULL,NULL,NULL
352,NULL,"МКА ","моноклонални антитела",NULL,NULL,NULL
353,NULL,"МКД ","междукамерен дефект",NULL,NULL,NULL
354,NULL,"МКЛ ","медиоклавикуларна линия",NULL,NULL,NULL
355,NULL,"МКП ","междукамерна преграда",NULL,NULL,NULL
356,NULL,"ММТ ","мануално мускулно тестуване",NULL,NULL,NULL
357,NULL,"МОБАЛ ","многопрофилна окръжна болница за активно лечение",NULL,NULL,NULL
358,NULL,"МОГ"," миелин олигодендроцитен гликопротеин",NULL,NULL,NULL
359,NULL,"МОДОЗС"," междуобластен диспансер за онкологични заболявания със стационар ",NULL,NULL,NULL
360,NULL,"МП"," моторен праг",NULL,NULL,NULL
361,NULL,"МПД"," междупредсърден дефект",NULL,NULL,NULL
362,NULL,"МПР"," морбили, паротит и рубеола",NULL,NULL,NULL
363,NULL,"МПТНО"," малигнен периферен тумор на нервната обвивка",NULL,NULL,NULL
364,NULL,"МРД"," менингорадикулерно дразнене",NULL,NULL,NULL
365,NULL,"МРТ"," магнитно-резонансна томография",NULL,NULL,NULL
366,NULL,"МС"," множествена склероза",NULL,NULL,NULL
367,NULL,"МСБ"," мозъчно-съдова болест",NULL,NULL,NULL
368,NULL,"МСФ"," мозъчно-сърдечна форма",NULL,NULL,NULL
369,NULL,"МСХ"," меланоцитостимулиращ хормон",NULL,NULL,NULL
370,NULL,"МТЕ"," медиална темпорална епилепсия",NULL,NULL,NULL
371,NULL,"МФИ"," майчино-фетална инфекция",NULL,NULL,NULL
372,NULL,"МЦ"," медицински център",NULL,NULL,NULL
373,NULL,"МЩ"," Мингацини - Щрюмпел (тест)",NULL,NULL,NULL
374,NULL,"НБЖ"," надбъбречна жлеза ",NULL,NULL,NULL
375,NULL,"НВСА"," намалена възможност за социална адаптация",NULL,NULL,NULL
376,NULL,"НГС"," назогастрална сонда",NULL,NULL,NULL
377,NULL,"НЕЛК"," национална експертна лекарска комисия",NULL,NULL,NULL
378,NULL,"НЕР"," наредба за експертизата на работоспособността ",NULL,NULL,NULL
379,NULL,"НИ"," нервни импулси",NULL,NULL,NULL
380,NULL,"НИЗЗД"," неинсулинозависим захарен диабет",NULL,NULL,NULL
381,NULL,"НИЗТ"," неинсулинозависим тип",NULL,NULL,NULL
382,NULL,"НИХА"," наученинститут по хирургия и анестезия ",NULL,NULL,NULL
383,NULL,"н.к."," негова корекция (очи)",NULL,NULL,NULL
384,NULL,"НЛГ"," назолабиална гънка",NULL,NULL,NULL
385,NULL,"НМЕ"," наредба за медицинската експретиза / НМЕР вероятно Решение по Наредба...",NULL,NULL,NULL
386,NULL,"НО"," неврологично отделение",NULL,NULL,NULL
387,NULL,"НПО ","неизвестно първично огнище ",NULL,NULL,NULL
388,NULL,"НПП ","носопоказалечна проба",NULL,NULL,NULL
389,NULL,"НПР ","нервно-психическо развитие",NULL,NULL,NULL
390,NULL,"НРС ","намалена реакция на светлина; нормална реакция на светлина",NULL,NULL,NULL
391,NULL,"НС ","носен секрет; синдром на Noonon; нервна система; нодуларна склероза",NULL,NULL,NULL
392,NULL,"НСЕ"," (NSE) неврон-специфична енолаза ",NULL,NULL,NULL
393,NULL,"НСПВС"," нестероидни противовъзпалителни средства",NULL,NULL,NULL
394,NULL,"НСР"," нарушение(я) на сърдечния ритъм",NULL,NULL,NULL
395,NULL,"НТС"," неонатален тиреоиден скрининг",NULL,NULL,NULL
396,NULL,"НФ1/НФ2"," Неврофиброматоза тип 1/тип 2",NULL,NULL,NULL
397,NULL,"НФС"," неврофибрилерен слой (очи)",NULL,NULL,NULL
398,NULL,"НХК"," клиника по неврохирургия (неврохирургична клиника)",NULL,NULL,NULL
399,NULL,"НХЛ"," нехочкинов лимфом",NULL,NULL,NULL
400,NULL,"ОБ"," общ билирубин",NULL,NULL,NULL
401,NULL,"ОБН"," остра бъбречна недостатъчност",NULL,NULL,NULL
402,NULL,"ОВА"," обща венозна анестезия",NULL,NULL,NULL
403,NULL,"ОГТТ"," орален глюкозотолерантен тест",NULL,NULL,NULL
404,NULL,"ОДА"," опорно-двигателен апарат",NULL,NULL,NULL
405,NULL,"ОЕ ","отделение по ендокринология",NULL,NULL,NULL
406,NULL,"ОДМ"," очедвигателните мускули",NULL,NULL,NULL
407,NULL,"ОДН"," остра дихателна недостатъчност; ХОДН - хронична остра дихателна недостатъчност",NULL,NULL,NULL
408,NULL,"ОК"," онкологична комисия",NULL,NULL,NULL
409,NULL,"ОКР"," обсесивно-компулсивно разстройство",NULL,NULL,NULL
410,NULL,"ОКРИТ"," отделение по кардиология, реанимация и интензивно лечение",NULL,NULL,NULL
411,NULL,"ОКС"," остър коронарен синдром",NULL,NULL,NULL
412,NULL,"ок."," утр. и двете очи ",NULL,NULL,NULL
413,NULL,"ОЛЛ"," остра лимфобластна левкемия",NULL,NULL,NULL
414,NULL,"ОМИ"," остър миокарден инфаркт",NULL,NULL,NULL
415,NULL,"ОМЛ"," остра миелоидна левкемия",NULL,NULL,NULL
416,NULL,"ОМР"," общо моторно развитие",NULL,NULL,NULL
417,NULL,"ОНЛЛ"," остра нелимфобластна левкемия",NULL,NULL,NULL
418,NULL,"ОННД"," отделение за недоносени новородени деца (МБАЛ Хасково)",NULL,NULL,NULL
419,NULL,"ОНС"," огнищна неврологична симптоматика",NULL,NULL,NULL
420,NULL,"ОО"," отворени очи",NULL,NULL,NULL
421,NULL,"ООД"," общественоопасно деяние (съдебна медицина); обща огнищна доза  (лъчетерапия)",NULL,NULL,NULL
422,NULL,"ОПЛ"," общопрактикуващ лекар",NULL,NULL,NULL
423,NULL,"ОПФ"," отделение по пневмология и фтизиатрия ",NULL,NULL,NULL
424,NULL,"ОРЛ"," оториноларингология",NULL,NULL,NULL
425,NULL,"ОРМК"," остро разстройство на мозъчното кръвообращение",NULL,NULL,NULL
426,NULL,"ОС"," общо състояние",NULL,NULL,NULL
427,NULL,"ОХДК"," оксихемоглобинова дисоциационна крива",NULL,NULL,NULL
428,NULL,"ОХК"," остър хирургичен корем",NULL,NULL,NULL
429,NULL,"ПА"," периферен амелобластом",NULL,NULL,NULL
430,NULL,"ПАВ ","психоактивни вещества",NULL,NULL,NULL
431,NULL,"ПАК ","персистиращ артериален канал",NULL,NULL,NULL
432,NULL,"ПАЛ ","предна аксиларна линия",NULL,NULL,NULL
433,NULL,"ПАП ","периферни артериални пулсации",NULL,NULL,NULL
434,NULL,"ПББ ","пункционна бъбречна биопсия",NULL,NULL,NULL
435,NULL,"ПБ-Д"," прогресивна супрануклеална парализа",NULL,NULL,NULL
436,NULL,"ПВ ","протромбиново време",NULL,NULL,NULL
437,NULL,"ПВМ ","превертебрални мускули ",NULL,NULL,NULL
438,NULL,"ПВН ","(ПВЧН) повишено вътречерепно налягане",NULL,NULL,NULL
439,NULL,"ПГЕ1 ","простагландин Е1",NULL,NULL,NULL
440,NULL,"ПДА  ","принудителна/повишена двигателна активност; перидурална анестезия;  прекъсната дъга на аортата; предна десцендентна артерия; панреатодуоденална артерия; продължителност на дихателния акт;  полиморфен дермален ангиит;  персистиращ дуктус артериозус ",NULL,NULL,NULL
441,NULL,"ПДД ","низходяща част на дванадесетопръстника (pars descendens duodeni)",NULL,NULL,NULL
442,NULL,"ПЕК ","плоскоепителни клетки",NULL,NULL,NULL
443,NULL,"ПЕС ","противоепилептични средства",NULL,NULL,NULL
444,NULL,"ПЕТ ","(PET) позитронна емисионна томография",NULL,NULL,NULL
445,NULL,"ПЗ ","предишни заболявания; придружаващи заболявания",NULL,NULL,NULL
446,NULL,"ПЗП ","пространство-заемащ процес",NULL,NULL,NULL
447,NULL,"ПЗР ","преднозаден размер",NULL,NULL,NULL
448,NULL,"ПИИП ","(PEEP), Positive end-expiratory pressure, положително крайно-експираторно налягане",NULL,NULL,NULL
449,NULL,"ПИО ","предна исхемична оптиконевропатия",NULL,NULL,NULL
450,NULL,"ПК ","предна камера (око)",NULL,NULL,NULL
451,NULL,"ПКИ ","перкутанна коронарна интервенция",NULL,NULL,NULL
452,NULL,"ПКК ","пълна кръвна картина; приемен консултативен кабинет; плоскоклетъчен карцином",NULL,NULL,NULL
453,NULL,"ПКЛ ","периферни клетъчни лезии",NULL,NULL,NULL
454,NULL,"ПКО ","приемно-консултативно отделение",NULL,NULL,NULL
455,NULL,"ПКС ","пиелокаликсна система",NULL,NULL,NULL
456,NULL,"ПКЯБ ","поликистозна яйчникова болест",NULL,NULL,NULL
457,NULL,"ПЛА ","периферна лимфаденомегалия/лимфаденопатия",NULL,NULL,NULL
458,NULL,"ПЛВ ","периферни лимфни възли",NULL,NULL,NULL
459,NULL,"ПЛП ","проба за латентни парези; протеолипиден протеин",NULL,NULL,NULL
460,NULL,"ПМ ","предсърдно мъждене; пикочен мехур; патоморфологичен",NULL,NULL,NULL
461,NULL,"ПМА ","плексиформен монокистичен амелобластом",NULL,NULL,NULL
462,NULL,"ПМО ","планиран мишенен обем",NULL,NULL,NULL
463,NULL,"ПМП ","предно митрално платно",NULL,NULL,NULL
464,NULL,"ПМР ","психомоторно развитие",NULL,NULL,NULL
465,NULL,"ПМТ ","подкожна мастна тъкан",NULL,NULL,NULL
466,NULL,"ПНМК ","преходно нарушение на мозъчното кръвообръщение",NULL,NULL,NULL
467,NULL,"ПОС ","преден очен сегмент; пикочно-отделителна система",NULL,NULL,NULL
468,NULL,"ПП ","профундопластика",NULL,NULL,NULL
469,NULL,"ППГ ","паренхим-пиелонна граница",NULL,NULL,NULL
470,NULL,"ППД ","пречистен протеин дериват (туберкулин)",NULL,NULL,NULL
471,NULL,"ППИ ","паренхим и пиелон",NULL,NULL,NULL
472,NULL,"ППКИ ","(PPCI) профундо-поплитеален колатерален индекс",NULL,NULL,NULL
473,NULL,"ППМ ","пристъпно предсърдно мъждене; персистиращо предсърдно мъждене",NULL,NULL,NULL
474,NULL,"ППП ","прост парциален припадък",NULL,NULL,NULL
475,NULL,"ППС ","пикочо-полова система",NULL,NULL,NULL
476,NULL,"ППТС ","постперикардиотомен синдром",NULL,NULL,NULL
477,NULL,"ПР ","патологични рефлекси",NULL,NULL,NULL
478,NULL,"ПРА ","плазмена ренинова активност",NULL,NULL,NULL
479,NULL,"ПРМ ","последна редовна менструация",NULL,NULL,NULL
480,NULL,"ПРП ","постродилен период",NULL,NULL,NULL
481,NULL,"ПСО ","приемно спешно отделение",NULL,NULL,NULL
482,NULL,"ПСП ","периферни съдови пулсации; прогресивна супрануклеарна парализа",NULL,NULL,NULL
483,NULL,"ПТ ","предсърдно трептене",NULL,NULL,NULL
484,NULL,"ПТСА ","перкутанна транслуминална коронарна ангиопластика ",NULL,NULL,NULL
485,NULL,"ПУК ","постоянен уретрален катетър",NULL,NULL,NULL
486,NULL,"ПТВ ","протромбиново време",NULL,NULL,NULL
487,NULL,"ПТД ","перкутанен трансхепатален дренаж",NULL,NULL,NULL
488,NULL,"ПТСР ","посттравматично стресово разстройство ",NULL,NULL,NULL
489,NULL,"ПТХ ","перкутанна трансхепатална холангиография",NULL,NULL,NULL
490,NULL,"ПУОРОМЕРКМЕ"," правилник за устройството и организацията на работата на органите на медицинската експертиза и на регионалните картотеки на медицинските експертизи ",NULL,NULL,NULL
491,NULL,"ПФО"," персистиращ форамен овале; улмо-фтизиатрично отделение",NULL,NULL,NULL
492,NULL,"ПХО"," първична хирургична обработка",NULL,NULL,NULL
493,NULL,"ПХТ"," полихимиотерапия",NULL,NULL,NULL
494,NULL,"ПШЗ"," противошокова зала",NULL,NULL,NULL
495,NULL,"РА"," ротационна атеректомия",NULL,NULL,NULL
496,NULL,"РААС"," ренин-ангиотензин-алдостеронова система",NULL,NULL,NULL
497,NULL,"РГ"," рентгенография",NULL,NULL,NULL
498,NULL,"РД"," ръчен допир",NULL,NULL,NULL
499,NULL,"РДП"," рекурунтно депресивно разстройство",NULL,NULL,NULL
500,NULL,"РЕ"," рефлукс-езофагит",NULL,NULL,NULL
501,NULL,"РЗИ"," регионална здравна инспекция",NULL,NULL,NULL
502,NULL,"РКМЕ"," регионална картотека на медицинска експертиза",NULL,NULL,NULL
503,NULL,"РНФС"," ретинен неврофибрилен слой",NULL,NULL,NULL
504,NULL,"РП"," респираторна подвижност",NULL,NULL,NULL
505,NULL,"РР"," Рива-Рочи (неинвазивна методика за мерене на кръвно налягане)",NULL,NULL,NULL
506,NULL,"РРЗ"," рекурентно респираторно заболяване ",NULL,NULL,NULL
507,NULL,"РС"," реакция на светлина",NULL,NULL,NULL
508,NULL,"РСД"," ритмична сърдечна дейност",NULL,NULL,NULL
509,NULL,"РСП"," ревматичен сърдечен порок",NULL,NULL,NULL
510,NULL,"РСРХ"," роботизирана стереотаксична радиохирургия",NULL,NULL,NULL
511,NULL,"РТОБ"," работническа транспортна обединена болница",NULL,NULL,NULL
512,NULL,"РФ"," рискови фактори; радиофармацевтик",NULL,NULL,NULL
513,NULL,"РХ"," рилизинг хормон; радиохирургия",NULL,NULL,NULL
514,NULL,"РЦЗ"," районен център по здравеопазване",NULL,NULL,NULL
515,NULL,"РЦх"," рамус циркумфлексус",NULL,NULL,NULL
516,NULL,"СА"," свръхактивност",NULL,NULL,NULL
517,NULL,"САК"," светлина, акoмодация и конвергенция; съдържание на алкохол в кръвта",NULL,NULL,NULL
518,NULL,"САК"," субарахноиден кръвоизлив",NULL,NULL,NULL
519,NULL,"САП"," III ФК стабилна ангина пекторис 3-ти функционален клас",NULL,NULL,NULL
520,NULL,"САХ"," субарахноидална хеморагия",NULL,NULL,NULL
521,NULL,"СБ ","синусова брадикардия",NULL,NULL,NULL
522,NULL,"СБАЛО"," специализирана болница за активно лечение по онкология",NULL,NULL,NULL
523,NULL,"СБАЛПФЗС"," специализирана болница за активно лечение за пневмо-фтизиатрични заболявания и състояния ",NULL,NULL,NULL
524,NULL,"СБАЛХЗ"," специализирана болница за активно лечение на хематологични заболявания",NULL,NULL,NULL
525,NULL,"СБИ"," стъпално-брахиален индекс",NULL,NULL,NULL
526,NULL,"СГОТ"," серумна глутамат-оксалацетат-трансаминаза",NULL,NULL,NULL
527,NULL,"СГПТ"," серумна глутамат-пируват-трансаминаза",NULL,NULL,NULL
528,NULL,"СД"," съдова деменция; сърдечна дейност",NULL,NULL,NULL
529,NULL,"СДК"," специализирана детска консултация",NULL,NULL,NULL
530,NULL,"СДС"," синдром на диабетно стъпало",NULL,NULL,NULL
531,NULL,"СДТ"," систолно-диастолен тип (хипертонична болест)",NULL,NULL,NULL
532,NULL,"СЕМ"," субкутанен епителоиден миксофибросарком",NULL,NULL,NULL
533,NULL,"СЕП"," слухови евокирани потенциали",NULL,NULL,NULL
534,NULL,"СЖ"," съдържание на желязо",NULL,NULL,NULL
535,NULL,"СИ"," срок на инвалидността",NULL,NULL,NULL
536,NULL,"СИМЛЛ"," стереотаксично интензивно-модулирано лъчелечение",NULL,NULL,NULL
537,NULL,"СИМП"," специализирана извънболнична медицинска помощ",NULL,NULL,NULL
538,NULL,"СИСТ"," селективни инхибитори на серотониновия транспорт",NULL,NULL,NULL
539,NULL,"СК"," сегментна кинетика",NULL,NULL,NULL
540,NULL,"с.к."," подкожно (субкутанно)",NULL,NULL,NULL
541,NULL,"СКА"," ствол на каронарна артерия",NULL,NULL,NULL
542,NULL,"СКАГ"," селективна коронарна артериография",NULL,NULL,NULL
543,NULL,"СЛЕ"," системен лупус еритематодес",NULL,NULL,NULL
544,NULL,"СМДЛОД"," самостоятелна медико-диагностична лаборатория по образна диагностика",NULL,NULL,NULL
545,NULL,"СМК"," свободни мастни киселини",NULL,NULL,NULL
546,NULL,"СМРД"," симптом на менингорадикулерно дразнене",NULL,NULL,NULL
547,NULL,"СМФ"," сърдечно-мозъчна форма",NULL,NULL,NULL
548,NULL,"СН"," сърдечна недостатъчност",NULL,NULL,NULL
549,NULL,"СНБА"," средно/систолично налягане в белодробната артерия (стойностите показват какво е)",NULL,NULL,NULL
550,NULL,"СНГ"," секрет от нос и гърло",NULL,NULL,NULL
551,NULL,"СНР"," сухожилно-надкостни рефлекси",NULL,NULL,NULL
552,NULL,"СПД"," субпиална коректомия (DE - Subpialeresektion)",NULL,NULL,NULL
553,NULL,"СПО"," спешно приемно отделение",NULL,NULL,NULL
554,NULL,"СПОН"," синдром на полиорганна недостатъчност",NULL,NULL,NULL
555,NULL,"СПсЕ"," съдебнопсихологическа експертиза",NULL,NULL,NULL
556,NULL,"СПТ"," свободно подвижна течност",NULL,NULL,NULL
557,NULL,"СР"," сукусио реналис (succussio renalis)",NULL,NULL,NULL
558,NULL,"СРТ"," стереотаксична радиотерапия",NULL,NULL,NULL
559,NULL,"СРХ"," стереотактична редиохирургия",NULL,NULL,NULL
560,NULL,"с.с."," състояние след",NULL,NULL,NULL
561,NULL,"ССА"," соматостатинови аналози",NULL,NULL,NULL
562,NULL,"ССН"," сърдечно-съдова недостатъчност",NULL,NULL,NULL
563,NULL,"ССС"," сърдечно-съдова система",NULL,NULL,NULL
564,NULL,"ССЧ"," средна сърдечна честота",NULL,NULL,NULL
565,NULL,"СТ"," социална тревожност",NULL,NULL,NULL
566,NULL,"СТДР"," - смесено тревожно-депресивно разстройство",NULL,NULL,NULL
567,NULL,"СТЕЛК ","специализирана трудово-експертна лекарска комисия",NULL,NULL,NULL
568,NULL,"СУЕ"," скорост на утаяване на еритроцитите",NULL,NULL,NULL
569,NULL,"СЦП"," спастична церебрална парализа",NULL,NULL,NULL
570,NULL,"СФ"," фракция на скъсяване (shortening fraction)",NULL,NULL,NULL
571,NULL,"СШ"," от Ао сърдечни шумове от аортата",NULL,NULL,NULL
572,NULL,"ТАД"," тотален аксиален диаметър",NULL,NULL,NULL
573,NULL,"ТАО ","тромбангиитис облитеранс; тиреоидасоциирана офталмопатия",NULL,NULL,NULL
574,NULL,"TAT ","тиреоглобулинови антитела",NULL,NULL,NULL
575,NULL,"ТАФ ","тромбоцитен активиращ фактор",NULL,NULL,NULL
576,NULL,"ТБББ ","трансбронхиална белодробна биопсия",NULL,NULL,NULL
577,NULL,"ТБД ","трахео-бронхиално дърво",NULL,NULL,NULL
578,NULL,"ТБС ","тазобедрена става",NULL,NULL,NULL
579,NULL,"ТВУЗ ","трансвагинален ултразвук",NULL,NULL,NULL
580,NULL,"ТГЛ ","триглицериди",NULL,NULL,NULL
581,NULL,"ТГТ ","телегаматерапия",NULL,NULL,NULL
582,NULL,"ТДР/ТСР"," теледиастолен размер/телесистолен размер",NULL,NULL,NULL
583,NULL,"ТДО/ТСО"," теледиастолен обем/телесистолен обем",NULL,NULL,NULL
584,NULL,"ТЕА"," тромбендартериектомия",NULL,NULL,NULL
585,NULL,"ТЕЛК"," трудово-експертна лекарска комисия",NULL,NULL,NULL
586,NULL,"ТЖСК"," тотален желязосвързващ капацитет",NULL,NULL,NULL
587,NULL,"ТИ"," трикуспидална инсуфициенция",NULL,NULL,NULL
588,NULL,"ТК"," тиреоиден карцином",NULL,NULL,NULL
589,NULL,"ТКДСГ"," транскраниална доплер-сонография",NULL,NULL,NULL
590,NULL,"ТКГ"," трикуспидална клапа градиент",NULL,NULL,NULL
591,NULL,"ТМИ"," транзиторна миокардна исхемия",NULL,NULL,NULL
592,NULL,"ТМО"," тон на митрално отваряне",NULL,NULL,NULL
593,NULL,"ТНР"," трайно намалена работоспособност",NULL,NULL,NULL
594,NULL,"ТНФ"," тумор-некротизиращ фактор",NULL,NULL,NULL
595,NULL,"ТОК"," тест за окултно кървене",NULL,NULL,NULL
596,NULL,"ТПХ"," тотално парентерално хранене",NULL,NULL,NULL
597,NULL,"ТР"," тазови резервоари",NULL,NULL,NULL
598,NULL,"ТС"," тентамен суицидии (опит за самоубийство)",NULL,NULL,NULL
599,NULL,"ТСНДК"," телесистолно налягане в дясната камера",NULL,NULL,NULL
600,NULL,"ТСХ"," тироиден стимулиращ хормон",NULL,NULL,NULL
601,NULL,"ТР"," тазови резервоари; трикуспидална регургитация",NULL,NULL,NULL
602,NULL,"ТРО"," тромбоцитен растежен фактор",NULL,NULL,NULL
603,NULL,"ТРФ"," тазоворезервоарни функции",NULL,NULL,NULL
604,NULL,"ТСЦ"," тиреосцинтиграфия",NULL,NULL,NULL
605,NULL,"ТТАБ"," трансторакална аспирационна биопсия",NULL,NULL,NULL
606,NULL,"Ту"," тумор, туморен",NULL,NULL,NULL
607,NULL,"ТФ"," тетралогия на Фало",NULL,NULL,NULL
608,NULL,"ТФЕ"," трансфонтанелна ехография",NULL,NULL,NULL
609,NULL,"ТХ"," тиреоиден хормон",NULL,NULL,NULL
610,NULL,"ТЦП"," трпмбоцитопения",NULL,NULL,NULL
611,NULL,"УГТ"," урогенитален тракт",NULL,NULL,NULL
612,NULL,"УД"," униполярно разстройство",NULL,NULL,NULL
613,NULL,"УЗД"," ултразвукова диагностика",NULL,NULL,NULL
614,NULL,"УЗДИ"," ултразвуково диагностично изследване",NULL,NULL,NULL
615,NULL,"УЗДС"," ултразвуково дуплексно сканиране",NULL,NULL,NULL
616,NULL,"УЗДСГ"," ултразвукова доплерова съдова графия (екстракраниална)",NULL,NULL,NULL
617,NULL,"УПЛВ"," увеличени периферни лимфни възли",NULL,NULL,NULL
618,NULL,"УПФ"," условно-патогенна флора",NULL,NULL,NULL
619,NULL,"УСБАЛЕ"," Университетска специализирана болница за активно лечение по ендокринология",NULL,NULL,NULL
620,NULL,"ФА"," фамилна анамнеза",NULL,NULL,NULL
621,NULL,"ФАГ"," флуоресцентна ангиография",NULL,NULL,NULL
622,NULL,"ФБС"," фибробронхоскопия",NULL,NULL,NULL
623,NULL,"ФВК"," форсиран витален капацитет (FVC)",NULL,NULL,NULL
624,NULL,"ФГС"," фиброграстроскопия",NULL,NULL,NULL
625,NULL,"ФЕГДС"," фибро-езофаго-гастро-дуодено-скопия",NULL,NULL,NULL
626,NULL,"ФЕО1"," форсиран експираторен обем за една секунда (FEV1)",NULL,NULL,NULL
627,NULL,"ФИ"," фракция на изтласкване",NULL,NULL,NULL
628,NULL,"ФИД"," функционално изследване на дишането",NULL,NULL,NULL
629,NULL,"ФК"," функционален клас",NULL,NULL,NULL
630,NULL,"ФКГ"," фонокардиограма",NULL,NULL,NULL
631,NULL,"ФКС"," фиброколоноскопия",NULL,NULL,NULL
632,NULL,"ФКУ"," фенилкетонурия (скрининг на новородени)",NULL,NULL,NULL
633,NULL,"ФМР"," фовеоларни и макуларни рефлекси",NULL,NULL,NULL
634,NULL,"ФО"," фамилна обремененост",NULL,NULL,NULL
635,NULL,"ФП"," функционална проба",NULL,NULL,NULL
636,NULL,"ФПБПГ"," феморо-поплитеален байпас графт",NULL,NULL,NULL
637,NULL,"Фр"," фреквенция, честота на сърдечен пулс",NULL,NULL,NULL
638,NULL,"ФС"," фотостимулация; фракция на скъсяване",NULL,NULL,NULL
639,NULL,"ФСЛЛ"," фракционирано стереотаксично лъчелечение",NULL,NULL,NULL
640,NULL,"ФТ"," функционален тест",NULL,NULL,NULL
641,NULL,"ФТП"," фронтотемпорална деменция",NULL,NULL,NULL
642,NULL,"ФЦМ"," флуоцитометрия",NULL,NULL,NULL
643,NULL,"ХА"," хидроаерични (нива)",NULL,NULL,NULL
644,NULL,"ХАНДК"," хронична артериална недостатъчност на долните крайници",NULL,NULL,NULL
645,NULL,"ХАС"," (ХА-сенки) хидроаерични сенки",NULL,NULL,NULL
646,NULL,"ХАТ"," хипокалпоамигдалотомия (DE - Amygdalohippocampektomie)",NULL,NULL,NULL
647,NULL,"Хб"," хемоглобин",NULL,NULL,NULL
648,NULL,"ХБ"," хипертонична болест; хроничен бронхит",NULL,NULL,NULL
649,NULL,"ХБН"," хемолитична болест на новороденото; хронична бъбречна недостатъчност",NULL,NULL,NULL
650,NULL,"ХБС"," хипертонична болест на сърцето",NULL,NULL,NULL
651,NULL,"ХВ"," хипервентилация",NULL,NULL,NULL
652,NULL,"ХВБН"," хронична вертебробазиларна недостатъчност",NULL,NULL,NULL
653,NULL,"ХВДП"," хронична възпалителна демиелинизираща полиневропатия",NULL,NULL,NULL
654,NULL,"ХВЕНК"," хронична венозна недостатъчност на крайниците",NULL,NULL,NULL
655,NULL,"ХВН"," хронична венозна недостатъчност",NULL,NULL,NULL
656,NULL,"ХДЛ"," хронично диализно лечение",NULL,NULL,NULL
657,NULL,"ХДН"," хронична дихателна недостатъчност",NULL,NULL,NULL
658,NULL,"ХДР"," хигиенно-диетичен режим / хранително-двигателен режим",NULL,NULL,NULL
659,NULL,"ХЕ"," Хаунсфилд единица (HU - Hounsfield Unit)",NULL,NULL,NULL
660,NULL,"ХЗСН"," хронична застойна сърдечна недостатъчност",NULL,NULL,NULL
661,NULL,"ХИБС"," хронична исхемична болест на сърцето",NULL,NULL,NULL
662,NULL,"ХИЕ"," хипоксично-исхемична енцефалопатия",NULL,NULL,NULL
663,NULL,"Хк"," хематокрит",NULL,NULL,NULL
664,NULL,"ХКВБСН"," хронична каротидна и вертебробазиларна съдова недостатъчност",NULL,NULL,NULL
665,NULL,"ХЛ"," Хочкинов лимфом",NULL,NULL,NULL
666,NULL,"ХЛЛ"," хронична лимфоидна левкозa",NULL,NULL,NULL
667,NULL,"ХЛСН"," хронична левостранна сърдечна недостатъчност",NULL,NULL,NULL
668,NULL,"ХМБ"," хиалинно-мембранна болест",NULL,NULL,NULL
669,NULL,"ХО"," хирургично отделение",NULL,NULL,NULL
670,NULL,"ХОББ"," хронична обструктивна белодробна болест",NULL,NULL,NULL
671,NULL,"ХПМ"," хронично предсърдно мъждене",NULL,NULL,NULL
672,NULL,"ХПТ"," хромопертубация",NULL,NULL,NULL
673,NULL,"ХС"," хипертонично сърце",NULL,NULL,NULL
674,NULL,"ХСМ"," хепатоспленомегалия",NULL,NULL,NULL
675,NULL,"ХСБ"," хронична болест на сърцето",NULL,NULL,NULL
676,NULL,"ХТ"," химиотерапия",NULL,NULL,NULL
677,NULL,"ХТО"," химиотерапевтично отделение",NULL,NULL,NULL
678,NULL,"цАМФ"," цикличен аденозин монофосфат",NULL,NULL,NULL
679,NULL,"ЦВН"," централно венозно налягане",NULL,NULL,NULL
680,NULL,"ЦВП"," централен венозен път",NULL,NULL,NULL
681,NULL,"ЦИК"," циркулиращи имунни комплекси",NULL,NULL,NULL
682,NULL,"ЦКС"," целотелесна костна сцинтиграфия",NULL,NULL,NULL
683,NULL,"ЦПЗ"," център за психично здраве",NULL,NULL,NULL
684,NULL,"ЦРП"," C-реактивен протеин",NULL,NULL,NULL
685,NULL,"ЧБ"," четкова биопсия",NULL,NULL,NULL
686,NULL,"ЧВД"," чисто везикуларно дишане",NULL,NULL,NULL
687,NULL,"ЧД","черен дроб",NULL,NULL,NULL
688,NULL,"ЧДББ"," частичен десен бедрен блок",NULL,NULL,NULL
689,NULL,"ЧМН"," черепномозъчни нерви",NULL,NULL,NULL
690,NULL,"ЧП"," чужда помощ",NULL,NULL,NULL
691,NULL,"ШВЗ"," шиен венозен застой",NULL,NULL,NULL
692,NULL,"ЩБ"," щипкова биопсия",NULL,NULL,NULL
693,NULL,"ЩЖ"," щитовидна жлеза",NULL,NULL,NULL
694,NULL,"ЯСТ"," ясни сърдечни тонове",NULL,NULL,NULL
